hint_id,url
125447,https://www.familysearch.org/search/linker?pal=/ark:/61903/1:1:M337-L5X&id=MBMX-8RS
125448,https://www.familysearch.org/search/linker?pal=/ark:/61903/1:1:M337-LVL&id=9KHC-2J2
125449,https://www.familysearch.org/search/linker?pal=/ark:/61903/1:1:M337-LZ8&id=L2M8-JVV
125450,https://www.familysearch.org/search/linker?pal=/ark:/61903/1:1:M337-MPK&id=LVDW-VVQ
125451,https://www.familysearch.org/search/linker?pal=/ark:/61903/1:1:M337-MVC&id=LTB6-94M
125452,https://www.familysearch.org/search/linker?pal=/ark:/61903/1:1:M337-MVG&id=L2MB-PPD
125453,https://www.familysearch.org/search/linker?pal=/ark:/61903/1:1:M337-P8N&id=27Y4-N9T
125454,https://www.familysearch.org/search/linker?pal=/ark:/61903/1:1:M337-QLV&id=LRJ7-G57
125455,https://www.familysearch.org/search/linker?pal=/ark:/61903/1:1:M337-RHR&id=K8BH-1X7
125456,https://www.familysearch.org/search/linker?pal=/ark:/61903/1:1:M337-RJJ&id=L2FL-Y1H
125457,https://www.familysearch.org/search/linker?pal=/ark:/61903/1:1:M337-RZH&id=LRHS-739
125458,https://www.familysearch.org/search/linker?pal=/ark:/61903/1:1:M337-S3X&id=96S8-SKZ
125459,https://www.familysearch.org/search/linker?pal=/ark:/61903/1:1:M337-S8S&id=KPHY-V7J
125460,https://www.familysearch.org/search/linker?pal=/ark:/61903/1:1:M337-SD6&id=LD6L-ZDF
125461,https://www.familysearch.org/search/linker?pal=/ark:/61903/1:1:M337-VF1&id=LVWB-LN1
125462,https://www.familysearch.org/search/linker?pal=/ark:/61903/1:1:M337-VF5&id=LRW6-1MC
125463,https://www.familysearch.org/search/linker?pal=/ark:/61903/1:1:M337-WG8&id=LKCC-65S
125464,https://www.familysearch.org/search/linker?pal=/ark:/61903/1:1:M337-XQS&id=M9KQ-25Z
125465,https://www.familysearch.org/search/linker?pal=/ark:/61903/1:1:M337-Z42&id=LYP7-BFL
125466,https://www.familysearch.org/search/linker?pal=/ark:/61903/1:1:M337-ZVD&id=LVMV-QYX
125467,https://www.familysearch.org/search/linker?pal=/ark:/61903/1:1:M337-ZXL&id=9XKP-C8Q
125468,https://www.familysearch.org/search/linker?pal=/ark:/61903/1:1:M338-1NK&id=KL4V-QDL
125469,https://www.familysearch.org/search/linker?pal=/ark:/61903/1:1:M338-1R3&id=LKYY-BBZ
125470,https://www.familysearch.org/search/linker?pal=/ark:/61903/1:1:M338-1XN&id=9VZY-S5B
125471,https://www.familysearch.org/search/linker?pal=/ark:/61903/1:1:M338-26D&id=99Z1-YD9
125472,https://www.familysearch.org/search/linker?pal=/ark:/61903/1:1:M338-2H8&id=9QBJ-JS5
125473,https://www.familysearch.org/search/linker?pal=/ark:/61903/1:1:M338-2HN&id=KCN8-RQ4
125474,https://www.familysearch.org/search/linker?pal=/ark:/61903/1:1:M338-2QT&id=L5RY-KY5
125475,https://www.familysearch.org/search/linker?pal=/ark:/61903/1:1:M338-3GF&id=9VZG-N5L
125476,https://www.familysearch.org/search/linker?pal=/ark:/61903/1:1:M338-4BP&id=9JD2-2H1
125477,https://www.familysearch.org/search/linker?pal=/ark:/61903/1:1:M338-4KS&id=27Y6-ZMZ
125478,https://www.familysearch.org/search/linker?pal=/ark:/61903/1:1:M338-4N2&id=M69H-T8Q
125479,https://www.familysearch.org/search/linker?pal=/ark:/61903/1:1:M338-4N7&id=MW1R-P4W
125480,https://www.familysearch.org/search/linker?pal=/ark:/61903/1:1:M338-4NM&id=9HC8-HW1
125481,https://www.familysearch.org/search/linker?pal=/ark:/61903/1:1:M338-4TF&id=LWF8-17Q
125482,https://www.familysearch.org/search/linker?pal=/ark:/61903/1:1:M338-5DT&id=9H7W-Y93
125483,https://www.familysearch.org/search/linker?pal=/ark:/61903/1:1:M338-5S3&id=9HSR-N61
125484,https://www.familysearch.org/search/linker?pal=/ark:/61903/1:1:M338-5WG&id=L84K-YPK
125485,https://www.familysearch.org/search/linker?pal=/ark:/61903/1:1:M338-644&id=93GT-9GN
125486,https://www.familysearch.org/search/linker?pal=/ark:/61903/1:1:M338-6CH&id=M4XV-ZJT
125487,https://www.familysearch.org/search/linker?pal=/ark:/61903/1:1:M338-6MF&id=9JD2-CBC
125488,https://www.familysearch.org/search/linker?pal=/ark:/61903/1:1:M338-6MT&id=LYFL-4CN
125489,https://www.familysearch.org/search/linker?pal=/ark:/61903/1:1:M338-6QF&id=9H25-34S
125490,https://www.familysearch.org/search/linker?pal=/ark:/61903/1:1:M338-6VT&id=L6LZ-6H1
125491,https://www.familysearch.org/search/linker?pal=/ark:/61903/1:1:M338-6W1&id=99XM-QKC
125492,https://www.familysearch.org/search/linker?pal=/ark:/61903/1:1:M338-7LL&id=97BZ-JZY
125493,https://www.familysearch.org/search/linker?pal=/ark:/61903/1:1:M338-849&id=K833-YX2
125494,https://www.familysearch.org/search/linker?pal=/ark:/61903/1:1:M338-8KG&id=MXVX-XWX
125495,https://www.familysearch.org/search/linker?pal=/ark:/61903/1:1:M338-8X1&id=LTBH-SDJ
125496,https://www.familysearch.org/search/linker?pal=/ark:/61903/1:1:M338-8XJ&id=MRLW-TJ1
125497,https://www.familysearch.org/search/linker?pal=/ark:/61903/1:1:M338-8XN&id=9JGG-1LZ
125498,https://www.familysearch.org/search/linker?pal=/ark:/61903/1:1:M338-8YX&id=L68N-6VG
125499,https://www.familysearch.org/search/linker?pal=/ark:/61903/1:1:M338-94L&id=27Y8-V4S
125500,https://www.familysearch.org/search/linker?pal=/ark:/61903/1:1:M338-9ML&id=9HSR-897
125501,https://www.familysearch.org/search/linker?pal=/ark:/61903/1:1:M338-B6L&id=L64S-BK3
125502,https://www.familysearch.org/search/linker?pal=/ark:/61903/1:1:M338-BVN&id=MPSX-9J1
125503,https://www.familysearch.org/search/linker?pal=/ark:/61903/1:1:M338-BX9&id=LR1M-2G2
125504,https://www.familysearch.org/search/linker?pal=/ark:/61903/1:1:M338-CQ7&id=L7DY-CNY
125505,https://www.familysearch.org/search/linker?pal=/ark:/61903/1:1:M338-CVH&id=9JGP-77V
125506,https://www.familysearch.org/search/linker?pal=/ark:/61903/1:1:M338-DG2&id=LKVQ-C7C
125507,https://www.familysearch.org/search/linker?pal=/ark:/61903/1:1:M338-DGJ&id=LKVQ-CSG
125508,https://www.familysearch.org/search/linker?pal=/ark:/61903/1:1:M338-DVD&id=9WW9-M8Q
125509,https://www.familysearch.org/search/linker?pal=/ark:/61903/1:1:M338-F7L&id=M55G-Y9F
125510,https://www.familysearch.org/search/linker?pal=/ark:/61903/1:1:M338-FMZ&id=L2BC-7S2
125511,https://www.familysearch.org/search/linker?pal=/ark:/61903/1:1:M338-FR6&id=9HSR-L4P
125512,https://www.familysearch.org/search/linker?pal=/ark:/61903/1:1:M338-FYR&id=947J-7ZJ
125514,https://www.familysearch.org/search/linker?pal=/ark:/61903/1:1:M338-G35&id=9HSR-SC5
125515,https://www.familysearch.org/search/linker?pal=/ark:/61903/1:1:M338-JRG&id=LY32-C3G
125516,https://www.familysearch.org/search/linker?pal=/ark:/61903/1:1:M338-K2C&id=KH9X-8HN
125517,https://www.familysearch.org/search/linker?pal=/ark:/61903/1:1:M338-K2Z&id=9V23-71J
125518,https://www.familysearch.org/search/linker?pal=/ark:/61903/1:1:M338-KLN&id=L5Y3-YF4
125519,https://www.familysearch.org/search/linker?pal=/ark:/61903/1:1:M338-KXP&id=K8CZ-NTL
125520,https://www.familysearch.org/search/linker?pal=/ark:/61903/1:1:M338-KZG&id=9949-ZVZ
125521,https://www.familysearch.org/search/linker?pal=/ark:/61903/1:1:M338-L6X&id=9JGG-HKZ
125522,https://www.familysearch.org/search/linker?pal=/ark:/61903/1:1:M338-M1D&id=M9HP-3JX
125523,https://www.familysearch.org/search/linker?pal=/ark:/61903/1:1:M338-MGR&id=27RF-CNP
125524,https://www.familysearch.org/search/linker?pal=/ark:/61903/1:1:M338-N28&id=LVM3-G7J
125525,https://www.familysearch.org/search/linker?pal=/ark:/61903/1:1:M338-NH6&id=LRCN-YPK
125526,https://www.familysearch.org/search/linker?pal=/ark:/61903/1:1:M338-NNZ&id=948K-MGB
125527,https://www.familysearch.org/search/linker?pal=/ark:/61903/1:1:M338-PPV&id=LRMR-HX1
125528,https://www.familysearch.org/search/linker?pal=/ark:/61903/1:1:M338-PYQ&id=9NPG-GVC
125529,https://www.familysearch.org/search/linker?pal=/ark:/61903/1:1:M338-Q11&id=LWR1-DFD
125530,https://www.familysearch.org/search/linker?pal=/ark:/61903/1:1:M338-Q5M&id=9MYL-FV1
125531,https://www.familysearch.org/search/linker?pal=/ark:/61903/1:1:M338-QBH&id=9VZP-36P
125532,https://www.familysearch.org/search/linker?pal=/ark:/61903/1:1:M338-QKY&id=9JGG-2VV
125533,https://www.familysearch.org/search/linker?pal=/ark:/61903/1:1:M338-RR8&id=9HSR-FY7
125534,https://www.familysearch.org/search/linker?pal=/ark:/61903/1:1:M338-S8Y&id=LX7Y-683
125535,https://www.familysearch.org/search/linker?pal=/ark:/61903/1:1:M338-W7F&id=9JD2-7K9
125536,https://www.familysearch.org/search/linker?pal=/ark:/61903/1:1:M338-WDC&id=KLWM-QPS
125537,https://www.familysearch.org/search/linker?pal=/ark:/61903/1:1:M338-WG8&id=27TT-7SB
125538,https://www.familysearch.org/search/linker?pal=/ark:/61903/1:1:M338-WMD&id=KL73-4P1
125539,https://www.familysearch.org/search/linker?pal=/ark:/61903/1:1:M338-WN3&id=9D73-H9K
125540,https://www.familysearch.org/search/linker?pal=/ark:/61903/1:1:M338-WWY&id=9JGG-W28
125541,https://www.familysearch.org/search/linker?pal=/ark:/61903/1:1:M338-WYT&id=K1KW-5HS
125542,https://www.familysearch.org/search/linker?pal=/ark:/61903/1:1:M338-X11&id=LK5H-B19
125543,https://www.familysearch.org/search/linker?pal=/ark:/61903/1:1:M338-X2W&id=27RH-C5S
125544,https://www.familysearch.org/search/linker?pal=/ark:/61903/1:1:M338-XB5&id=96XW-8TV
125546,https://www.familysearch.org/search/linker?pal=/ark:/61903/1:1:M338-Y5F&id=L483-37V
125547,https://www.familysearch.org/search/linker?pal=/ark:/61903/1:1:M338-YJT&id=9HDC-SBM
125548,https://www.familysearch.org/search/linker?pal=/ark:/61903/1:1:M338-YNL&id=L5B7-N1B
125549,https://www.familysearch.org/search/linker?pal=/ark:/61903/1:1:M338-YQV&id=LYLJ-K48
125550,https://www.familysearch.org/search/linker?pal=/ark:/61903/1:1:M338-ZJ7&id=KG3Z-M4Y
125552,https://www.familysearch.org/search/linker?pal=/ark:/61903/1:1:M338-ZZP&id=9H3L-Y16
125553,https://www.familysearch.org/search/linker?pal=/ark:/61903/1:1:M338-ZZP&id=LQ1B-KBT
125554,https://www.familysearch.org/search/linker?pal=/ark:/61903/1:1:M339-1D8&id=LT9R-7SR
125555,https://www.familysearch.org/search/linker?pal=/ark:/61903/1:1:M339-1JR&id=LBH5-4SQ
125556,https://www.familysearch.org/search/linker?pal=/ark:/61903/1:1:M339-23R&id=MWKQ-7ZG
125557,https://www.familysearch.org/search/linker?pal=/ark:/61903/1:1:M339-3B2&id=LDVQ-W8C
125558,https://www.familysearch.org/search/linker?pal=/ark:/61903/1:1:M339-3R7&id=LH7F-CTX
125559,https://www.familysearch.org/search/linker?pal=/ark:/61903/1:1:M339-3Y3&id=LRZ5-1TF
125560,https://www.familysearch.org/search/linker?pal=/ark:/61903/1:1:M339-465&id=KHJQ-DB2
125561,https://www.familysearch.org/search/linker?pal=/ark:/61903/1:1:M339-48C&id=LX32-49N
125562,https://www.familysearch.org/search/linker?pal=/ark:/61903/1:1:M339-5LG&id=LWSD-5V2
125563,https://www.familysearch.org/search/linker?pal=/ark:/61903/1:1:M339-5MX&id=LBSW-3KL
125564,https://www.familysearch.org/search/linker?pal=/ark:/61903/1:1:M339-5NF&id=99GZ-1S5
125565,https://www.familysearch.org/search/linker?pal=/ark:/61903/1:1:M339-776&id=KHHK-NGZ
125566,https://www.familysearch.org/search/linker?pal=/ark:/61903/1:1:M339-7CV&id=L2CP-XRS
125567,https://www.familysearch.org/search/linker?pal=/ark:/61903/1:1:M339-7GH&id=MC2W-7H9
125568,https://www.familysearch.org/search/linker?pal=/ark:/61903/1:1:M339-7MJ&id=LWRS-56H
125569,https://www.familysearch.org/search/linker?pal=/ark:/61903/1:1:M339-7P8&id=LY95-N6V
125570,https://www.familysearch.org/search/linker?pal=/ark:/61903/1:1:M339-8B6&id=LT8F-61X
125571,https://www.familysearch.org/search/linker?pal=/ark:/61903/1:1:M339-8CF&id=L2G1-HVC
125572,https://www.familysearch.org/search/linker?pal=/ark:/61903/1:1:M339-8GP&id=L5GL-2NR
125573,https://www.familysearch.org/search/linker?pal=/ark:/61903/1:1:M339-8YN&id=L21F-HXG
125574,https://www.familysearch.org/search/linker?pal=/ark:/61903/1:1:M339-8ZD&id=L2RK-F8J
125575,https://www.familysearch.org/search/linker?pal=/ark:/61903/1:1:M339-936&id=LY3V-JH9
125576,https://www.familysearch.org/search/linker?pal=/ark:/61903/1:1:M339-93D&id=LD6D-HYM
125577,https://www.familysearch.org/search/linker?pal=/ark:/61903/1:1:M339-BML&id=LTXF-7B8
125578,https://www.familysearch.org/search/linker?pal=/ark:/61903/1:1:M339-CF9&id=MD5C-TDB
125579,https://www.familysearch.org/search/linker?pal=/ark:/61903/1:1:M339-DGZ&id=LT7K-4XG
125580,https://www.familysearch.org/search/linker?pal=/ark:/61903/1:1:M339-DT9&id=LKKM-SVL
125581,https://www.familysearch.org/search/linker?pal=/ark:/61903/1:1:M339-DTS&id=945B-CP2
125582,https://www.familysearch.org/search/linker?pal=/ark:/61903/1:1:M339-DWS&id=MM13-ZX9
125583,https://www.familysearch.org/search/linker?pal=/ark:/61903/1:1:M339-F5F&id=L5G2-ZLR
125584,https://www.familysearch.org/search/linker?pal=/ark:/61903/1:1:M339-FBB&id=9N3F-X6G
125585,https://www.familysearch.org/search/linker?pal=/ark:/61903/1:1:M339-FFS&id=LKLV-YNS
125586,https://www.familysearch.org/search/linker?pal=/ark:/61903/1:1:M339-FY2&id=K28B-Y8X
125587,https://www.familysearch.org/search/linker?pal=/ark:/61903/1:1:M339-GGG&id=MWDB-35L
125588,https://www.familysearch.org/search/linker?pal=/ark:/61903/1:1:M339-GN5&id=M6DR-5PG
125589,https://www.familysearch.org/search/linker?pal=/ark:/61903/1:1:M339-H9D&id=MR1D-PSJ
125590,https://www.familysearch.org/search/linker?pal=/ark:/61903/1:1:M339-HDJ&id=9ZCF-9BN
125591,https://www.familysearch.org/search/linker?pal=/ark:/61903/1:1:M339-HDP&id=LD6K-99Z
125592,https://www.familysearch.org/search/linker?pal=/ark:/61903/1:1:M339-HF7&id=2QB5-CLT
125593,https://www.familysearch.org/search/linker?pal=/ark:/61903/1:1:M339-HKD&id=9VVN-HPJ
125594,https://www.familysearch.org/search/linker?pal=/ark:/61903/1:1:M339-HNM&id=LH69-CSX
125595,https://www.familysearch.org/search/linker?pal=/ark:/61903/1:1:M339-HP6&id=L44W-ZLN
125596,https://www.familysearch.org/search/linker?pal=/ark:/61903/1:1:M339-HQT&id=MWR9-NRS
125597,https://www.familysearch.org/search/linker?pal=/ark:/61903/1:1:M339-HT4&id=MJ39-DPD
125598,https://www.familysearch.org/search/linker?pal=/ark:/61903/1:1:M339-JJS&id=LRC8-9G4
125599,https://www.familysearch.org/search/linker?pal=/ark:/61903/1:1:M339-JKF&id=K2C8-JZ2
125600,https://www.familysearch.org/search/linker?pal=/ark:/61903/1:1:M339-JTV&id=MKDF-H9C
125601,https://www.familysearch.org/search/linker?pal=/ark:/61903/1:1:M339-KFB&id=M753-RRD
125602,https://www.familysearch.org/search/linker?pal=/ark:/61903/1:1:M339-M3L&id=9MTD-LZS
125603,https://www.familysearch.org/search/linker?pal=/ark:/61903/1:1:M339-M55&id=LD6D-HZZ
125604,https://www.familysearch.org/search/linker?pal=/ark:/61903/1:1:M339-MW5&id=LKP3-QKX
125605,https://www.familysearch.org/search/linker?pal=/ark:/61903/1:1:M339-MZ2&id=27X6-RF7
125606,https://www.familysearch.org/search/linker?pal=/ark:/61903/1:1:M339-N17&id=9C4L-C2C
125607,https://www.familysearch.org/search/linker?pal=/ark:/61903/1:1:M339-N1S&id=KC3Z-YGM
125608,https://www.familysearch.org/search/linker?pal=/ark:/61903/1:1:M339-N57&id=LRT3-9NZ
125610,https://www.familysearch.org/search/linker?pal=/ark:/61903/1:1:M339-NHQ&id=MF3V-DSC
125611,https://www.familysearch.org/search/linker?pal=/ark:/61903/1:1:M339-NNJ&id=LZ8B-MZH
125612,https://www.familysearch.org/search/linker?pal=/ark:/61903/1:1:M339-NQ3&id=LW2H-8NR
125613,https://www.familysearch.org/search/linker?pal=/ark:/61903/1:1:M339-P4T&id=LWS8-Q1S
125614,https://www.familysearch.org/search/linker?pal=/ark:/61903/1:1:M339-PT7&id=LHWX-W5P
125615,https://www.familysearch.org/search/linker?pal=/ark:/61903/1:1:M339-PTL&id=LD66-Y1N
125616,https://www.familysearch.org/search/linker?pal=/ark:/61903/1:1:M339-Q5N&id=LKX8-QKP
125617,https://www.familysearch.org/search/linker?pal=/ark:/61903/1:1:M339-QP8&id=L2YL-6GH
125618,https://www.familysearch.org/search/linker?pal=/ark:/61903/1:1:M339-RKJ&id=9KGT-NG3
125619,https://www.familysearch.org/search/linker?pal=/ark:/61903/1:1:M339-SRM&id=LRTC-MRZ
125620,https://www.familysearch.org/search/linker?pal=/ark:/61903/1:1:M339-ST9&id=K2C7-X5H
125621,https://www.familysearch.org/search/linker?pal=/ark:/61903/1:1:M339-T9W&id=LVHD-LWQ
125622,https://www.familysearch.org/search/linker?pal=/ark:/61903/1:1:M339-TR5&id=L4V9-593
125623,https://www.familysearch.org/search/linker?pal=/ark:/61903/1:1:M339-TXZ&id=L22L-GB2
125624,https://www.familysearch.org/search/linker?pal=/ark:/61903/1:1:M339-TYM&id=KZDL-RFV
125625,https://www.familysearch.org/search/linker?pal=/ark:/61903/1:1:M339-V66&id=LKSB-857
125626,https://www.familysearch.org/search/linker?pal=/ark:/61903/1:1:M339-W5S&id=LVHS-BT8
125627,https://www.familysearch.org/search/linker?pal=/ark:/61903/1:1:M339-W83&id=LD66-J6Q
125628,https://www.familysearch.org/search/linker?pal=/ark:/61903/1:1:M339-X5B&id=9X62-YFJ
125629,https://www.familysearch.org/search/linker?pal=/ark:/61903/1:1:M339-XMS&id=LTFQ-734
125630,https://www.familysearch.org/search/linker?pal=/ark:/61903/1:1:M339-XTB&id=LWSJ-MKX
125631,https://www.familysearch.org/search/linker?pal=/ark:/61903/1:1:M339-Y3R&id=MCL2-5G5
125632,https://www.familysearch.org/search/linker?pal=/ark:/61903/1:1:M339-Y8F&id=LXMC-X8M
125633,https://www.familysearch.org/search/linker?pal=/ark:/61903/1:1:M339-YSS&id=LW7M-XY9
125634,https://www.familysearch.org/search/linker?pal=/ark:/61903/1:1:M339-YY9&id=K2ZT-QCZ
125635,https://www.familysearch.org/search/linker?pal=/ark:/61903/1:1:M339-YYL&id=LRLH-DYW
125637,https://www.familysearch.org/search/linker?pal=/ark:/61903/1:1:M339-ZCP&id=LWG9-NCR
125638,https://www.familysearch.org/search/linker?pal=/ark:/61903/1:1:M339-ZHK&id=K28D-537
125639,https://www.familysearch.org/search/linker?pal=/ark:/61903/1:1:M339-ZM9&id=MWPM-VQF
125640,https://www.familysearch.org/search/linker?pal=/ark:/61903/1:1:M339-ZY2&id=LXM1-5C2
125641,https://www.familysearch.org/search/linker?pal=/ark:/61903/1:1:M33B-1BM&id=L2RV-JC8
125642,https://www.familysearch.org/search/linker?pal=/ark:/61903/1:1:M33B-2JT&id=LKF6-MP6
125643,https://www.familysearch.org/search/linker?pal=/ark:/61903/1:1:M33B-31C&id=279M-XQ7
125645,https://www.familysearch.org/search/linker?pal=/ark:/61903/1:1:M33B-35R&id=9MM3-TDB
125646,https://www.familysearch.org/search/linker?pal=/ark:/61903/1:1:M33B-3L5&id=L7XP-GG5
125647,https://www.familysearch.org/search/linker?pal=/ark:/61903/1:1:M33B-41X&id=9JGG-RC4
125648,https://www.familysearch.org/search/linker?pal=/ark:/61903/1:1:M33B-439&id=9WJT-PFR
125649,https://www.familysearch.org/search/linker?pal=/ark:/61903/1:1:M33B-4FT&id=KLW6-M2C
125650,https://www.familysearch.org/search/linker?pal=/ark:/61903/1:1:M33B-4LM&id=96X3-WXJ
125651,https://www.familysearch.org/search/linker?pal=/ark:/61903/1:1:M33B-529&id=LKJ5-2YG
125652,https://www.familysearch.org/search/linker?pal=/ark:/61903/1:1:M33B-55V&id=9711-DH2
